{
  "artifacts_sha256": {
    "regional_variants": "7186267fd5da18cac4045582a4ca09352f79690f9deb3e57a43947add1c90184",
    "slot_lexicon": "4eafd2ecc745934f14b44995b94bdd8873b6deb7168ef4aa5dbf853142488f4a",
    "slot_values": "f08f91785c8f73b61f0dd617d012541a1f99c9a1f44888f7945c03a69c85ba05",
    "train": "43b15762c3ba3ed423bebd2bbaf98ea8fd649b79ac6e97a6feb5c3925c1723d8",
    "validation": "d9199b55fe92c0692069a1b366d644fcaa68f6fcbe55f6d6dc3bc0efcc50dee1"
  },
  "breakdown": {
    "annotation_quality": {
      "auto_mapped": {
        "micro": {
          "f1": 0.8348623853211009,
          "false_negative": 18,
          "false_positive": 18,
          "precision": 0.8348623853211009,
          "recall": 0.8348623853211009,
          "support": 109,
          "true_positive": 91
        },
        "slot_exact_match": 0.8428571428571429,
        "total_samples": 140
      },
      "template_generated": {
        "micro": {
          "f1": 0.9834983498349835,
          "false_negative": 5,
          "false_positive": 5,
          "precision": 0.9834983498349835,
          "recall": 0.9834983498349835,
          "support": 303,
          "true_positive": 298
        },
        "slot_exact_match": 0.9758454106280193,
        "total_samples": 207
      }
    },
    "intent": {
      "ask_weather": {
        "micro": {
          "f1": 0.9545454545454546,
          "false_negative": 4,
          "false_positive": 4,
          "precision": 0.9545454545454546,
          "recall": 0.9545454545454546,
          "support": 88,
          "true_positive": 84
        },
        "slot_exact_match": 0.9102564102564102,
        "total_samples": 78
      },
      "call_contact": {
        "micro": {
          "f1": 0.9523809523809523,
          "false_negative": 3,
          "false_positive": 3,
          "precision": 0.9523809523809523,
          "recall": 0.9523809523809523,
          "support": 63,
          "true_positive": 60
        },
        "slot_exact_match": 0.9523809523809523,
        "total_samples": 63
      },
      "play_music": {
        "micro": {
          "f1": 0.9548387096774195,
          "false_negative": 3,
          "false_positive": 4,
          "precision": 0.9487179487179487,
          "recall": 0.961038961038961,
          "support": 77,
          "true_positive": 74
        },
        "slot_exact_match": 0.9166666666666666,
        "total_samples": 84
      },
      "set_alarm": {
        "micro": {
          "f1": 0.9649122807017544,
          "false_negative": 2,
          "false_positive": 2,
          "precision": 0.9649122807017544,
          "recall": 0.9649122807017544,
          "support": 57,
          "true_positive": 55
        },
        "slot_exact_match": 0.9649122807017544,
        "total_samples": 57
      },
      "set_reminder": {
        "micro": {
          "f1": 0.9169960474308301,
          "false_negative": 11,
          "false_positive": 10,
          "precision": 0.9206349206349206,
          "recall": 0.9133858267716536,
          "support": 127,
          "true_positive": 116
        },
        "slot_exact_match": 0.8769230769230769,
        "total_samples": 65
      }
    },
    "region": {
      "central": {
        "micro": {
          "f1": 0.9803921568627451,
          "false_negative": 2,
          "false_positive": 2,
          "precision": 0.9803921568627451,
          "recall": 0.9803921568627451,
          "support": 102,
          "true_positive": 100
        },
        "slot_exact_match": 0.9714285714285714,
        "total_samples": 70
      },
      "north": {
        "micro": {
          "f1": 0.9801980198019802,
          "false_negative": 2,
          "false_positive": 2,
          "precision": 0.9801980198019802,
          "recall": 0.9801980198019802,
          "support": 101,
          "true_positive": 99
        },
        "slot_exact_match": 0.9710144927536232,
        "total_samples": 69
      },
      "south": {
        "micro": {
          "f1": 0.99,
          "false_negative": 1,
          "false_positive": 1,
          "precision": 0.99,
          "recall": 0.99,
          "support": 100,
          "true_positive": 99
        },
        "slot_exact_match": 0.9852941176470589,
        "total_samples": 68
      },
      "standard": {
        "micro": {
          "f1": 0.8348623853211009,
          "false_negative": 18,
          "false_positive": 18,
          "precision": 0.8348623853211009,
          "recall": 0.8348623853211009,
          "support": 109,
          "true_positive": 91
        },
        "slot_exact_match": 0.8428571428571429,
        "total_samples": 140
      }
    },
    "source": {
      "massive": {
        "micro": {
          "f1": 0.8348623853211009,
          "false_negative": 18,
          "false_positive": 18,
          "precision": 0.8348623853211009,
          "recall": 0.8348623853211009,
          "support": 109,
          "true_positive": 91
        },
        "slot_exact_match": 0.8428571428571429,
        "total_samples": 140
      },
      "synthetic": {
        "micro": {
          "f1": 0.9834983498349835,
          "false_negative": 5,
          "false_positive": 5,
          "precision": 0.9834983498349835,
          "recall": 0.9834983498349835,
          "support": 303,
          "true_positive": 298
        },
        "slot_exact_match": 0.9758454106280193,
        "total_samples": 207
      }
    }
  },
  "failure_count": 27,
  "failures": [
    {
      "expected": {
        "datetime": "năm"
      },
      "id": "massive_vi_alarm_set_1914",
      "intent": "set_alarm",
      "predicted": {
        "datetime": "năm giờ"
      },
      "text": "báo thức tôi lúc năm giờ"
    },
    {
      "expected": {
        "datetime": "hai giờ kể từ bây giờ"
      },
      "id": "massive_vi_alarm_set_7043",
      "intent": "set_alarm",
      "predicted": {
        "datetime": "trong hai giờ"
      },
      "text": "vui lòng đặt báo thức trong hai giờ kể từ bây giờ"
    },
    {
      "expected": {
        "datetime": "cuối tuần",
        "reminder_text": "xem phim ngoài trời"
      },
      "id": "massive_vi_calendar_set_6823",
      "intent": "set_reminder",
      "predicted": {
        "datetime": "cuối tuần này",
        "reminder_text": "đi xem phim ngoài trời"
      },
      "text": "nhắc tôi đi xem phim ngoài trời cuối tuần này"
    },
    {
      "expected": {
        "datetime": "mười phút",
        "reminder_text": "đi làm"
      },
      "id": "massive_vi_calendar_set_8039",
      "intent": "set_reminder",
      "predicted": {
        "datetime": "sau mười phút",
        "reminder_text": "đi làm nữa"
      },
      "text": "vui lòng đặt lời nhắc tôi đi làm sau mười phút nữa"
    },
    {
      "expected": {
        "datetime": "thứ ba lúc ba giờ chiều",
        "reminder_text": "nghỉ hưu"
      },
      "id": "massive_vi_calendar_set_8160",
      "intent": "set_reminder",
      "predicted": {
        "datetime": "thứ ba lúc ba giờ chiều",
        "reminder_text": "cuộc họp"
      },
      "text": "tôi cần phải được nhắc rằng có một cuộc họp cho việc nghỉ hưu của minh tạo lời nhắc vào thứ ba lúc ba giờ chiều"
    },
    {
      "expected": {
        "datetime": "ngày mười lăm hàng tháng",
        "reminder_text": "trả tiền internet"
      },
      "id": "massive_vi_calendar_set_8619",
      "intent": "set_reminder",
      "predicted": {
        "datetime": "ngày mười lăm hàng tháng",
        "reminder_text": "nhắc tôi trả tiền internet"
      },
      "text": "đặt lịch vào ngày mười lăm hàng tháng nhắc tôi trả tiền internet"
    },
    {
      "expected": {
        "datetime": "thứ năm",
        "reminder_text": "việc nộp đơn xin thị thực"
      },
      "id": "massive_vi_calendar_set_9023",
      "intent": "set_reminder",
      "predicted": {
        "datetime": "thứ năm này",
        "reminder_text": "việc nộp đơn xin thị thực vào ngày"
      },